{"cameraMode":{"drawMode":0,"name":"Shaded","section":"Shading Mode"},"sceneLighting":false,"audioPlay":false,"sceneViewState":{"m_AlwaysRefresh":false,"showFog":true,"showSkybox":false,"showFlares":true,"showImageEffects":true,"showParticleSystems":true,"showVisualEffectGraphs":true,"m_FxEnabled":true},"in2DMode":false,"pivot":{"x":-0.010785818099975586,"y":0.9843622446060181,"z":0.2411728799343109},"rotation":{"x":-0.15854030847549439,"y":0.4970077574253082,"z":-0.09291192144155503,"w":-0.8480677604675293},"size":1.5127239227294922,"orthographic":false}